row_id,subject_id,hadm_id,diagnosis,hospital_expire_flag,has_chartevents_data,admission_location_mapped,discharge_location_mapped,admission_type_retained,admittime_generalized,dischtime_generalized,deathtime_flag,marital_status,ethnicity,religion,language,insurance,ed_duration_minutes,has_chartevents_data
12258,735c1ca2b6bd0996eb52330780a96c6ea02f58283421c805160d291f9af8c84c,1692de4b721d9105d2c68177f6fe7422ad41ced8962af668cc20cc0ac353ffdf,SEPSIS,0,1,Emergency,Home Care,EMERGENCY,2164-10,2164-11,0,NOT MARRIED,BLACK,CHRISTIAN,UNKNOWN,PUBLIC,377.0,1
12263,6b5d7c890a1ef171567734be92a8db680634eeba95f48811f535922ac84bd67a,6d07db938b9071bfdc8cc4bb792a30642374fe10d89179844b7a7353b5e64a3d,HEPATITIS B,1,1,Hospital Transfer,Deceased,EMERGENCY,2126-08,2126-08,1,NOT MARRIED,UNKNOWN,CHRISTIAN,UNKNOWN,PRIVATE,310.0,1
12265,78820c723139b970cab9a55c04f419e1c08f9311045229157fe39672f5cb963b,82944bea45f63dd26e1e37b004828b10d02d142fcb01bd370cd565ecc9dcc5d1,SEPSIS,1,1,Hospital Transfer,Deceased,EMERGENCY,2125-10,2125-10,1,UNKNOWN,UNKNOWN,CHRISTIAN,UNKNOWN,PUBLIC,311.5,1
12269,8eaf06efef95a542f074c48ee3244175266729d26b351531aba85df90c90a4d9,ac7d82fa754b213545a06ac03e1d22065699276682e4d26eac582f292da916b6,HUMERAL FRACTURE,0,1,Emergency,Skilled Nursing Facility,EMERGENCY,2149-05,2149-06,0,NOT MARRIED,WHITE,CHRISTIAN,UNKNOWN,PUBLIC,457.0,1
12270,342e206c72c6453bb3a259216374d4995cc427d445b1e65ad3478132beb5ddcf,1a9faf24d8089c857b1733bd089606d351147cfd8cfbf5f81cf08f1c4ca25643,ALCOHOLIC HEPATITIS,1,1,Hospital Transfer,Deceased,EMERGENCY,2163-05,2163-05,1,NOT MARRIED,WHITE,CHRISTIAN,UNKNOWN,PUBLIC,310.0,1
12277,cda7dd9c3179738f8755de92b16c8b4bc6d595de7e4b5152f3fe3844b2b02b29,1a1e4797a6ab6c34b07862ac98e382cc6890ae7f473066cea8b400776441a18d,STROKE/TIA,0,1,Emergency,Rehabilitation,EMERGENCY,2195-05,2195-05,0,UNKNOWN,WHITE,OTHER,UNKNOWN,PUBLIC,400.0,1
12278,cae743144e22930849faa3adc855fc4c381bbdbc7b6cc3810552f9ede7feb8d8,de3cbdd75b717c12f6817aaa121e24123f5048f45fed5bea90d05c377e43f392, MITRAL REGURGITATION;CORONARY ARTERY DISEASE\CORONARY ARTERY BYPASS GRAFT WITH MVR  ? MITRAL VALVE REPLACEMENT /SDA,0,1,Physician Referral,Skilled Nursing Facility,ELECTIVE,2190-07,2190-07,0,MARRIED,WHITE,CHRISTIAN,UNKNOWN,PUBLIC,310.0,1
12280,63690d21b66f65383f75edfff5ae7fa2fbe0e434c1bfe1e0a24cc4ef47d4b9a2,b6dd64b46d65bc6f72baed2180930f35452f26c652c4ed1aff64504c0f786f72,SYNCOPE;TELEMETRY,0,1,Emergency,Skilled Nursing Facility,EMERGENCY,2139-09,2139-10,0,NOT MARRIED,WHITE,CHRISTIAN,UNKNOWN,PUBLIC,347.0,1
12282,542e015844ead7626a5969d1719aa3f39c83229f9c23078442a4fe875d09c164,4380f3c6124f75682bf9c36e870173b9715a70a3bf1949f5a116eddcc4161f24,RIGHT HUMEROUS FRACTURE,0,1,Emergency,Rehabilitation,EMERGENCY,2138-04,2138-04,0,NOT MARRIED,WHITE,CHRISTIAN,UNKNOWN,PUBLIC,344.0,1
12283,a7441a1545efc76df1759ec7666162a15d28fd36a587b46164fb4196fe54eab4,d9f10c73686d4d1eb3ed443677b007bb853bfa48d41d0f3c53774f48ee8e8152,RENAL FAILIURE-SYNCOPE-HYPERKALEMIA,0,1,Emergency,Skilled Nursing Facility,EMERGENCY,2132-12,2132-12,0,MARRIED,WHITE,CHRISTIAN,POLI,PUBLIC,474.0,1
12285,914e33a95436238492e89363b0c3d0db373e0f17c81fcf64370a4f1410d3ea4b,181bdbc9dfd2100efd8e9c39fcf3ab5997c5390ce9c64bc3359317b1c6ec6639,"RECURRENT LEFT CAROTID STENOSIS,PRE HYDRATION",0,1,Physician Referral,Home,ELECTIVE,2129-03,2129-03,0,MARRIED,WHITE,UNKNOWN,UNKNOWN,PUBLIC,310.0,1
12286,202d662944fe99bd6d5ac78ae43d058597a7d83d6b49a6710f737e57e4445e9c,6692e90f3ec98265f7b3fb21c39335662266d97982461275f807f3ab82f7a9a4,SEPSIS,1,1,Emergency,Deceased,EMERGENCY,2185-03,2185-03,1,MARRIED,WHITE,JEWISH,UNKNOWN,PUBLIC,396.0,1
12288,6a3b8603085415d4fd6708b566cdb95a6522f6528539e8c644b637fbf2ded399,b96fcac4f55d93ec62b7e39c017bd1a4beef13f29a98a542939b94957de118ab,FAILURE TO THRIVE,0,1,Emergency,Skilled Nursing Facility,EMERGENCY,2144-02,2144-02,0,NOT MARRIED,WHITE,CHRISTIAN,ENGLISH,PUBLIC,397.0,1
12290,98bf50643b24ec6b23524594bf4874613062e722cfc9cc018469d7d2048438f6,d03f09806d4a2ae52064b2d210482a290b037487f4b8f8e6f8b42ce7c1ed9f60,PULMONARY EDEMA\CATH,0,1,Hospital Transfer,Rehabilitation,EMERGENCY,2147-02,2147-02,0,UNKNOWN,UNKNOWN,UNOBTAINABLE,UNKNOWN,PUBLIC,310.0,1
12292,8968abda049a2f42d9d062b64260210db4a28bb144f39ac707caa35f44e6f643,a17e5be5b259f361f4e741c60f81f182ffc20842318bdaf540711a01602bea04,UNSTABLE ANGINA,0,1,Hospital Transfer,Home Care,EMERGENCY,2147-02,2147-02,0,UNKNOWN,WHITE,UNOBTAINABLE,UNKNOWN,PUBLIC,310.0,1
12293,777711e08c952c68da1e3b02fdf82d0b92920a7f38faa92e618416455bfe446f,20663e89540fbe24884fe945113a628cce8d81d061ddc297e5f1f2941af8e9c3,RESPIRATORY DISTRESS,0,1,Emergency,Skilled Nursing Facility,EMERGENCY,2185-04,2185-04,0,UNKNOWN,WHITE,CHRISTIAN,UNKNOWN,PUBLIC,235.0,1
12294,29b223c2fedba7c3f87e215f2cd43cbc1ca7ee867de1d476a3eed69ccc8988ec,f70aa1f35b198930767f2eec84b32c67bdc7702d0265e013941f85a322685d9b,METASTATIC MELANOMA;BRAIN METASTASIS,0,1,Emergency,Home,EMERGENCY,2152-10,2152-10,0,UNKNOWN (DEFAULT),UNKNOWN,UNOBTAINABLE,UNKNOWN,PUBLIC,1056.0,1
12295,e17eef0104b07f5a85d75fcd6bce23c0e3d65012a37b1256899480448676c68c,b62812ea6a1ab55a4a22093623b5cc704b87a9aebf1d252847aa6597c90ee0ad,FEVER,1,1,Emergency,Deceased,EMERGENCY,2129-11,2129-12,1,MARRIED,WHITE,CHRISTIAN,UNKNOWN,PUBLIC,429.0,1
12296,d109cc5ce3095e1a411ec2c0dfef0aa24362f519a3e0b564265c0e03a9cd7cb8,41096b3268743a096dab18be5b6ced777741bafec71920b34bae5fe4c7e6b317,BRAIN METASTASES,0,1,Emergency,Rehabilitation,EMERGENCY,2194-07,2194-08,0,NOT MARRIED,WHITE,CHRISTIAN,UNKNOWN,PUBLIC,366.0,1
12305,cc5c04eb5aaffbf897e001632c890702713b374e14ef9974deeb464bf801188f,7e0d0e93688deb457e109cad93b0ec184e53e600a7a173c84aafb66d151541c1,SEPSIS,0,1,Hospital Transfer,Skilled Nursing Facility,EMERGENCY,2129-05,2129-05,0,UNKNOWN (DEFAULT),WHITE,CHRISTIAN SCIENTIST,UNKNOWN,PUBLIC,311.5,1
12308,088c0123f0825e5a4da837496f805fc7934e636de6aef16290854ff82f88612e,1992db96fcbd7bd5f7dfd9b3cf94148bf5ff883bd1c93edb4f7343902b70da33,VARICEAL BLEED,0,1,Hospital Transfer,Home,EMERGENCY,2150-08,2150-08,0,MARRIED,WHITE,CHRISTIAN,UNKNOWN,PUBLIC,310.0,1
12309,088c0123f0825e5a4da837496f805fc7934e636de6aef16290854ff82f88612e,703ffbadfbac07a2a54bf9b92da83d5939934900fd0adb972cc049879e2a20d0,LOWER GI BLEED,1,1,Emergency,Deceased,EMERGENCY,2150-08,2150-08,1,MARRIED,WHITE,CHRISTIAN,UNKNOWN,PUBLIC,185.0,1
12311,51ce459d3c4a848060531b017c432abf708257ff486ff8f5d473ff7f2447c1d2,0901208ef0e598bbaf5bd8c1a1223d2b3c09c19062a86c2eb01f48096bf6d8b2,CHEST PAIN/ CATH,0,1,Hospital Transfer,Rehabilitation,EMERGENCY,2107-01,2107-02,0,NOT MARRIED,WHITE,CHRISTIAN,UNKNOWN,PUBLIC,310.0,1
12314,a57efd48d677ae8e971511628ddf34f166370c8e7472130964b140316eea1c78,c595b60b6717df9bf3573fcd5ddeeedaafe94c40070e18c968f32025a6a4c1d4,SUBDURAL HEMATOMA/S/P FALL,1,1,Emergency,Deceased,EMERGENCY,2127-03,2127-03,1,UNKNOWN,WHITE,UNOBTAINABLE,UNKNOWN,PUBLIC,165.0,1
12315,621e59682362887aedb44cff65542251ee8b1e76b9f8babe8fb997abc4fe57aa,d0675dd3c56da72ba8e2fbcd5ae2e70c7cdff5cb663c27973012dca95dc2ccf2,ESOPHAGEAL CANCER/SDA,0,1,Physician Referral,Skilled Nursing Facility,ELECTIVE,2189-09,2189-09,0,NOT MARRIED,WHITE,CHRISTIAN,ENGLISH,PRIVATE,310.0,1
12317,6eface87f4573047f456b9cc5f8b44fc3a925b2b511d4ee3e7cd327a7e1a92c0,9d1a1d796f3a46f4d6c2644a1c026a365b70392db23d34ee9d64ae60ffb9bf5c,S/P MOTORCYCLE ACCIDENT,1,1,Emergency,Deceased,EMERGENCY,2130-10,2130-10,1,UNKNOWN,OTHER,UNOBTAINABLE,UNKNOWN,PRIVATE,78.0,1
12319,f4e938cd2c3c18922808279200ae3adc7dfb8fd74b25409c66110340eff4c469,a07df70e37959f99f7e0ae4c45efcbb251a0d42ee69e4c3b3e1a1dad510b16ae,SEIZURE,1,1,Emergency,Deceased,EMERGENCY,2188-02,2188-02,1,UNKNOWN,UNKNOWN,UNKNOWN,UNKNOWN,PUBLIC,1210.0,1
12324,b390d8aed312c5da8252208d0799a4d8be4e838bf1a4c1126d31f31656d9a31c,b7509b9139749418a5289c5b8fd0c2efde112c5c768d44a4eb6cfdd3ba425751,GASTROINTESTINAL BLEED,0,1,Emergency,Home,EMERGENCY,2167-02,2167-02,0,MARRIED,WHITE,OTHER,UNKNOWN,PUBLIC,221.0,1
12326,395d0e21f944b05ef240e04b3caeeeced8677e544f83b18db746998c2618c3fb,76d891a12f39cc7b7c106a4ec55149db37cd22d04c594fb8af9f02cbde621725,LUNG CANCER;SHORTNESS OF BREATH,1,1,Emergency,Deceased,EMERGENCY,2107-03,2107-03,1,MARRIED,ASIAN,UNKNOWN,MAND,PUBLIC,468.0,1
12332,f51269bb852f72dc9e8dbe9053e1285aa49a4681c13265782f2554c07c319ce9,0df9c03e85ef31e9352853732b748fe592d273ae9909bcb3e356be7499d44a4b,HYPOTENSION,0,1,Emergency,Hospice,EMERGENCY,2192-11,2192-12,0,MARRIED,WHITE,CHRISTIAN,UNKNOWN,PUBLIC,517.0,1
12337,aa9075526014b03ee0a24aaec8db13dcaa65e33581d85cdcfb1161ec8b4933f3,cc994a920172b73ad0477cafd2a26f0ccb535b827b67a734028bf4d7134dae95,SEPSIS;PNEUMONIA;TELEMETRY,0,1,Emergency,Skilled Nursing Facility,EMERGENCY,2107-01,2107-01,0,UNKNOWN (DEFAULT),WHITE,UNOBTAINABLE,UNKNOWN,PUBLIC,231.0,1
12338,aa9075526014b03ee0a24aaec8db13dcaa65e33581d85cdcfb1161ec8b4933f3,76476deaf08d362e19b00027ea50103252e5ad622cd53d5bdc6f9dc600441cf3,CONGESTIVE HEART FAILURE,0,1,Emergency,Skilled Nursing Facility,EMERGENCY,2107-01,2107-02,0,UNKNOWN (DEFAULT),WHITE,UNOBTAINABLE,UNKNOWN,PUBLIC,228.0,1
12339,aa9075526014b03ee0a24aaec8db13dcaa65e33581d85cdcfb1161ec8b4933f3,2684a81171d8982ced9ebbf0d1772c452f2bb405d66a27c6c4e864d5fdffd0ea,UROSEPSIS,0,1,Hospital Transfer,Skilled Nursing Facility,EMERGENCY,2107-05,2107-05,0,UNKNOWN (DEFAULT),WHITE,UNOBTAINABLE,UNKNOWN,PRIVATE,310.0,1
12340,e6912f97d3989514adb3f4bf8155548c06379b573c2e6ee9fb31bbe5091dec0a,524ff0a47aa52e0a541952e01b8dbec1e13442939ee913e1f9491fdd0ab7ebdf,BASAL GANGLIN BLEED,1,1,Emergency,Deceased,EMERGENCY,2132-08,2132-08,1,UNKNOWN,WHITE,UNOBTAINABLE,UNKNOWN,PUBLIC,449.0,1
12341,0d1893915d8112bac45901f78c9fb6e16637051c2864150db27c356da02b1e68,0aa7a5a6aaf0513872b98f110ca2e0bdf7374ca184b2ebf25632016bd764c187,OVERDOSE,0,1,Emergency,Psych Hospital,EMERGENCY,2124-01,2124-01,0,NOT MARRIED,WHITE,UNKNOWN,ENGLISH,PRIVATE,253.0,1
12344,7f95cb4300d1890ea3001f864cf8bdd9ef41a68944376ab8298b8fac4f1e7f86,4f6b1b2017480944b3a561375436de204a98fc50e6589423ce81fc04d81ec87f,CRITICAL AORTIC STENOSIS/HYPOTENSION,1,1,Emergency,Deceased,EMERGENCY,2141-01,2141-01,1,NOT MARRIED,WHITE,UNOBTAINABLE,UNKNOWN,PUBLIC,176.0,1
12345,ec11e08c596d9ede897c6c846e4b3a3cf8798cc2ad52386c9682911ae053c839,46067a5cdfd2435588b67ec79a671228a2283d7d275b1719f345922a2a8c9db2,HYPOTENSION;TELEMETRY,0,1,Emergency,Skilled Nursing Facility,EMERGENCY,2180-02,2180-03,0,UNKNOWN,BLACK,UNOBTAINABLE,UNKNOWN,PUBLIC,553.0,1
12346,ec11e08c596d9ede897c6c846e4b3a3cf8798cc2ad52386c9682911ae053c839,59aa80d92f301acbcef111a1db47e44e7f1d904090adef021b2b761cc9d7077d,SEPSIS;TELEMETRY,1,1,Emergency,Deceased,EMERGENCY,2180-03,2180-03,1,UNKNOWN,BLACK,UNOBTAINABLE,UNKNOWN,PUBLIC,464.0,1
12349,7d5516b084f2d85c79df6c9e3ef0e3b6f20100eb062f473aa6e272a6176a9283,88572d0b837eff518f738049f90ed2a1e8f22826f288d001e12b9af13ff8f459,STATUS POST MOTOR VEHICLE ACCIDENT WITH INJURIES,1,1,Emergency,Deceased,EMERGENCY,2170-12,2170-12,1,UNKNOWN,OTHER,UNOBTAINABLE,UNKNOWN,PRIVATE,131.0,1
12352,65212f4fc7827cbc0e613133011c7c2a740f856ba2ee45316b25cb7dc3c1bd27,b1e1f3bf6deb70d69b819c018c75406730fa38225333875f5f8ea5ae7653413b,TACHYPNEA;TELEMETRY,1,1,Emergency,Deceased,EMERGENCY,2128-03,2128-03,1,MARRIED,WHITE,UNKNOWN,UNKNOWN,PUBLIC,488.0,1
12353,8249946b7d895bed280ca81dfd3d4666b24144f50fb3f25b514d3929fd523b32,ed6ef5d064d314322cfa25a24641b2a5704ced1c7e5d85152e50163d55c83f36,CHRONIC MYELOGENOUS LEUKEMIA;TRANSFUSION REACTION,1,1,Clinic Referral,Deceased,EMERGENCY,2105-05,2105-06,1,MARRIED,WHITE,CHRISTIAN,UNKNOWN,PUBLIC,310.0,1
12355,f2fb7e4a14c18e27e7e37093767a67763554eae9f751b911b22655d437a39d0c,3c6176e50a58d77c047c2e8c8727f85ef8343c6af64fc31b389d8ff7a6dfcbc8,HYPONATREMIA;URINARY TRACT INFECTION,0,1,Emergency,Skilled Nursing Facility,EMERGENCY,2120-08,2120-08,0,MARRIED,ASIAN,BUDDHIST,UNKNOWN,PUBLIC,503.0,1
12357,bcc8a31a7bca413fd1ef7c986b6636a255777a6c57fecd6564907f64fdee0bff,b6526ec889cfb34ee5e18649271e137fa9758262cda62a2fae7c2a362eb43fb6,HEADACHE,0,1,Emergency,Home with IV,EMERGENCY,2161-09,2161-09,0,MARRIED,WHITE,CHRISTIAN,UNKNOWN,PRIVATE,645.0,1
12362,984c9a714550f8c9a6967db99bf395baab0a8fa1de3fb9e6985cb2858897febe,23504537ab37cb467242bc36bd51084759a80a9992f72ca38872803b6f30a9ea,CONGESTIVE HEART FAILURE,1,1,Emergency,Deceased,EMERGENCY,2180-01,2180-02,1,NOT MARRIED,BLACK,CHRISTIAN,UNKNOWN,PUBLIC,246.0,1
12363,3c4963b601a2f7e46a594d0c7c992e18c245b55eca2026e5c4a168cdfdc36abd,171f049ee590471c70910be5d2389dac08fc4b2aa8d6dd43b7ed5cb03ae013e3,VF ARREST ,1,1,Hospital Transfer,Deceased,URGENT,2148-01,2148-01,1,NOT MARRIED,WHITE,CHRISTIAN,UNKNOWN,PUBLIC,310.0,1
12365,3c8cd5ed261791371ec6d91566aeb8a787d160ee51c5629c1e0d153560125099,4228840a19ffaed9dc514b4d8508ae7ac491aabe28f93ea3c8bb3d130a55fb67,"PULMONARY EDEMA, MI",0,1,Hospital Transfer,Home Care,URGENT,2171-10,2171-11,0,MARRIED,UNKNOWN,CHRISTIAN,UNKNOWN,PRIVATE,310.0,1
12368,d8fe074fd23c0550a6a130f56f31ebc0169d659e165b9770cc6da22d6eea9e55,d0750716c4ed5c59af147b340c40261187ed01563f018cd47c0877e52b99ef63,FEVER,0,1,Emergency,Home,EMERGENCY,2138-06,2138-06,0,NOT MARRIED,UNKNOWN,CHRISTIAN,UNKNOWN,PRIVATE,578.0,1
12369,d8fe074fd23c0550a6a130f56f31ebc0169d659e165b9770cc6da22d6eea9e55,1fcc0a7b9845101447768f476b11831ab43278668275665f1efa7f3e85b6fc97,FEVER,1,1,Emergency,Deceased,EMERGENCY,2138-11,2138-11,1,NOT MARRIED,UNKNOWN,CHRISTIAN,UNKNOWN,PRIVATE,300.0,1
12371,45371b79e6feb219c2558a67063715eba5b2b351d982259ca955f5daef0ff12f,5e7523b43bc408fb8ecc2e32daa02429a1e70c3cca7a54c1ee1d46506eb5b02d,ACUTE CHOLECYSTITIS,0,1,Emergency,Rehabilitation,EMERGENCY,2117-08,2117-08,0,MARRIED,WHITE,UNKNOWN,ENGLISH,PUBLIC,458.0,1
12372,45371b79e6feb219c2558a67063715eba5b2b351d982259ca955f5daef0ff12f,e4d398901fb44a2fd7bd8388c86bcf11b390eb06b5d84f2834cd5c5f44bdf8a5,GASTROINTESTINAL BLEED,0,1,Emergency,Rehabilitation,EMERGENCY,2117-08,2117-08,0,MARRIED,WHITE,UNKNOWN,ENGLISH,PUBLIC,260.0,1
12373,12dafaef523e318b1740724f57ca0dd7378dc547d3c35409dac754f1586e47a8,a283db59f50a99e6b00c60c516ff645ecbfcb0835be53ef9ece8a48cc02e7a8e,LIVER FAILURE,1,0,Hospital Transfer,Deceased,EMERGENCY,2115-05,2115-05,1,NOT MARRIED,UNKNOWN,OTHER,UNKNOWN,PUBLIC,310.0,0
12377,3bc38f80109d25d03276fbafea45613d15519349e1a4a668f9825d02a75511fa,e0d3a83c3097098a56b2c24a4f635d756e71cfd6aaef8dc7a0a68cae2de43143,LEFT HIP FRACTURE,0,1,Emergency,Skilled Nursing Facility,EMERGENCY,2192-03,2192-04,0,NOT MARRIED,WHITE,JEWISH,RUSS,PUBLIC,350.0,1
12378,3bc38f80109d25d03276fbafea45613d15519349e1a4a668f9825d02a75511fa,ec8bf2bc74114b1a7548c85562aee76ca8cab0753f71a9dcf96334ed56c9e31a,CONGESTIVE HEART FAILURE,1,1,Emergency,Deceased,EMERGENCY,2192-04,2192-05,1,NOT MARRIED,WHITE,JEWISH,RUSS,PUBLIC,587.0,1
12381,9460c51494ace85bb0861befa2304d19a6cd04ebebbab37cf4d400d9edc54f86,6a99d9bd940d7cf5219ab3148947b1d00cdff861aa17fda54c29b3f6f4a07445,LIVER FAILURE,1,1,Physician Referral,Deceased,EMERGENCY,2171-07,2171-08,1,NOT MARRIED,WHITE,UNOBTAINABLE,UNKNOWN,PRIVATE,310.0,1
12382,0238e0fa8e5c44997a646cbef11331ed986ce4bf8df796ff1a47aa32243a9d5f,3424ca7dd92eeeb2b61f07d509c4607ef1e4f8dbdc34e7afd1409dc052d028d0,S/P MOTOR VEHICLE ACCIDENT,0,1,Emergency,Rehabilitation,EMERGENCY,2198-06,2198-07,0,UNKNOWN,WHITE,UNKNOWN,UNKNOWN,PRIVATE,84.0,1
12385,e4694a2260349d77ddc5bdbb2a1c866d422ea57e3dd806192742b569fb9dfbcc,5f42212a8e62534a1448caff908381dbdd26d495ae6d079751fa2650c0786d00,ABSCESS,0,1,Emergency,Home Care,EMERGENCY,2161-01,2161-02,0,MARRIED,UNKNOWN,CHRISTIAN,UNKNOWN,PRIVATE,590.0,1
12387,b7208b18153711fe52acf7642fad0209cfcba1b8c1919db8530a8c32d51dd940,354e7dc39d87951e3b83b5457ed2d13d442fb0919f55ab80adfb9850165a0f45,NON SMALL CELL CANCER;HYPOXIA,0,1,Emergency,Home Care,EMERGENCY,2123-08,2123-09,0,MARRIED,WHITE,CHRISTIAN,UNKNOWN,PUBLIC,555.0,1
39821,d1ae20bb64ad6f8ea87a861915b149f256f079ed3a7fa759effad7b93ec51c3f,6a989ed6238978326b66bf027dc59162f0486657d26c71981e565bd27ab07f86,SHORTNESS OF BREATH,0,1,Emergency,Skilled Nursing Facility,EMERGENCY,2130-02,2130-02,0,NOT MARRIED,WHITE,CHRISTIAN,ENGLISH,PUBLIC,229.0,1
39822,d1ae20bb64ad6f8ea87a861915b149f256f079ed3a7fa759effad7b93ec51c3f,7b3fdfdb3f4240b1e57afec14b5e998304cce1cc2ed7fe3a1ec0b0e89648487a,PNEUMONIA,0,1,Emergency,Skilled Nursing Facility,EMERGENCY,2130-08,2130-08,0,NOT MARRIED,WHITE,CHRISTIAN,ENGLISH,PUBLIC,242.0,1
39830,abecf3b1cb69fc6ed6bd765b19834f5f7d227e03dd228086c0f121ad24d7dcbd,7a540ab48f49115196f5fc2610a9e730cee1fc27912f10d7b85f5d30b70b0dcc,ACUTE CHOLANGITIS,1,1,Hospital Transfer,Deceased,EMERGENCY,2169-05,2169-05,1,MARRIED,WHITE,CHRISTIAN,ENGLISH,PUBLIC,310.0,1
39840,5af1a778fdc96b162a7e20a5e3b8b8d38945262791522a95cd28b9aa755236b4,5f52bf0dfc7116492974144b3872a5a0af7c583751c040c5cf4775c46aa5d095,FEVER;URINARY TRACT INFECTION,0,1,Emergency,Rehabilitation,EMERGENCY,2155-12,2155-12,0,MARRIED,BLACK,CHRISTIAN SCIENTIST,ENGLISH,PUBLIC,315.0,1
39858,32f25c43bdc633a452b458ded9c54118307f4648964dd42ab1bc95f5da63fa7c,99e3d488656597edea61958cb2700ac0e3753cb92da569d2603059451e59a9fe,SYNCOPE;TELEMETRY;INTRACRANIAL HEMORRHAGE,0,1,Emergency,Home,EMERGENCY,2151-08,2151-08,0,NOT MARRIED,WHITE,UNKNOWN,ENGLISH,PUBLIC,423.0,1
39859,32d892909302618cf5a8a35187f8ed63bb373098c3a45648f1c99bdeb2f072d5,1295c7857817ece0d644aaf7a831bd3baec920aaeadbe2193d06ebf9860389e1,LEFT HIP OA/SDA,0,1,Physician Referral,Rehabilitation,ELECTIVE,2193-10,2193-10,0,NOT MARRIED,WHITE,CHRISTIAN,ENGLISH,PUBLIC,310.0,1
39866,bb580a730b1f243ab921bfbc1ccac1472d74c03957bc092d857fa77fab155a3c,e52f598dd4466c69014ecec8925883f7ef660420efaa4d9463f6147b1a820a26,MEDIASTINAL ADENOPATHY,0,1,Hospital Transfer,Skilled Nursing Facility,EMERGENCY,2163-11,2163-12,0,MARRIED,WHITE,CHRISTIAN,ENGLISH,PUBLIC,310.0,1
39869,9268985e63cb73eee4ed3c47373f331f2e8076663449173c0e5274d7a48320f5,2f993fbd58dcb5aae816f8e6bce792f7f27b874c1f068a6cd46a92c0633fad9c,FACIAL NUMBNESS,0,1,Hospital Transfer,Rehabilitation,EMERGENCY,2144-07,2144-11,0,NOT MARRIED,WHITE,CHRISTIAN,ENGLISH,PRIVATE,310.0,1
39870,9268985e63cb73eee4ed3c47373f331f2e8076663449173c0e5274d7a48320f5,4ba34487beef6b5b33c5a30a11f1536409aa1e3cce736ab12f1f6c9c0d672be5,AROMEGLEY;BURKITTS LYMPHOMA,1,1,Hospital Transfer,Deceased,EMERGENCY,2144-12,2144-12,1,NOT MARRIED,WHITE,CHRISTIAN,ENGLISH,PUBLIC,310.0,1
39907,582295eb667433d181b2672356e0bedf3b74c874987a5e75f44a42b76e588636,a50dd1acfbf37f0f79f1311bae99959064aac75c484d3ff2d6e9e36e29fb2b0a,PNEUMONIA,0,1,Emergency,Home,EMERGENCY,2118-10,2118-10,0,NOT MARRIED,WHITE,CHRISTIAN,ENGLISH,PUBLIC,206.0,1
39929,4238d986c50356bdf47a432f6c19e53da4496d0c946462c20bc0b8f783ce4d81,4b1d960c2627281d9ae7d4355f15340a003635c81535ad047983e542ffdc004c,STEMI;,1,1,Hospital Transfer,Deceased,EMERGENCY,2186-07,2186-07,1,NOT MARRIED,WHITE,UNOBTAINABLE,ENGLISH,PUBLIC,310.0,1
39958,c9df5f73fe2bd633c8959987f52675a2356ec0b14f7bd929866002967fdd4946,4803d4dd8574c9d0813ef2718965cd5a06e83d1906982ccbfecd394504b8eef2,TRACHEAL ESOPHAGEAL FISTULA,0,1,Hospital Transfer,Long Term Hospital,EMERGENCY,2144-10,2144-10,0,MARRIED,WHITE,JEWISH,ENGLISH,PUBLIC,310.0,1
39962,ab7bd9ba35de6e4b2eea15bab44e4a2ecd94f19115ec59efba85c0f2064892ad,886bcd7be3ff2baf46c914afc0e7602c53eb3905d6b21373cf7a852892906c62,SEPSIS,0,1,Emergency,Skilled Nursing Facility,EMERGENCY,2184-08,2184-08,0,MARRIED,WHITE,CHRISTIAN,ENGLISH,PRIVATE,312.0,1
39966,b6bbc4ec135b22e91659436e99c698f47a476ead9d3b56fa84e847e82aaf1079,35676acc6e05cf0c403f1f9bacb262fedb5bb1832ede10715c2dc9a4b8e0d70e,CHOLECYSTITIS,0,1,Emergency,Skilled Nursing Facility,EMERGENCY,2159-11,2159-11,0,NOT MARRIED,HISPANIC OR LATINO,UNKNOWN,SPANISH,PUBLIC,270.0,1
39974,3efe6f5f99d10f0781578684aeb8df85bec79eb96bc1f2b8799e795dc5200455,cd03aceb4fab21613439dd19215ff5558057a7772c668c8e492601ffd75db34f,CELLULITIS,0,1,Emergency,Skilled Nursing Facility,EMERGENCY,2144-07,2144-07,0,NOT MARRIED,WHITE,JEWISH,ENGLISH,PUBLIC,557.0,1
39980,1fcde698b20fe95d424b2daa32fbcfaf1a39a9af75f6b7e1b0c83979dc8b80cb,b580607fda6e21a285739ac404ff5f886f9d3c336732acde5b8e72b7a507d91c,ABDOMINAL PAIN,1,1,Emergency,Deceased,EMERGENCY,2155-03,2155-03,1,NOT MARRIED,WHITE,UNKNOWN,ENGLISH,PUBLIC,561.0,1
40349,5a4e3e48f992a093cffa7596265480db248d4623eb33b2e74704d3253f49f425,92275713c78458c149bfe8bbebdf450d8c9eac0d14f89fb97100253efc9abb89,ASTHMA;CHRONIC OBST PULM DISEASE,0,1,Emergency,Skilled Nursing Facility,EMERGENCY,2145-07,2145-07,0,MARRIED,WHITE,UNKNOWN,ENGLISH,PUBLIC,197.0,1
40350,5a4e3e48f992a093cffa7596265480db248d4623eb33b2e74704d3253f49f425,389060918bbcfa025f3f3eab1fd44db6c356f6325332a8b0afba0e5f0f6c6798,ASTHMA;CHRONIC OBST PULM DISEASE,0,1,Emergency,Skilled Nursing Facility,EMERGENCY,2145-09,2145-09,0,MARRIED,WHITE,UNKNOWN,ENGLISH,PUBLIC,710.0,1
40379,b5bc0ffae3d2b07640a6cccd5e65a293b2a4e0a7750574f3050e26693e11c06d,ad7820df528bca13e8b480de474eb4cee0471749b4f1e98afcf8ef88aaa69b27,ELEVATED LIVER FUNCTIONS;S/P LIVER TRANSPLANT,0,1,Hospital Transfer,Rehabilitation,EMERGENCY,2145-12,2145-12,0,MARRIED,WHITE,CHRISTIAN,ENGLISH,PUBLIC,310.0,1
40396,3f921105f8bd1a350cd164de25eb0aac19df315ca1e16ae394c61951d9fb3306,6b5c77878a9c6853aac9a67da76e4bdb122184aef43384737c2d2b688bc69a49,PNEUMONIA,0,1,Emergency,Skilled Nursing Facility,EMERGENCY,2198-10,2198-11,0,MARRIED,HISPANIC/LATINO - PUERTO RICAN,CHRISTIAN,SPANISH,PUBLIC,421.0,1
40397,3f921105f8bd1a350cd164de25eb0aac19df315ca1e16ae394c61951d9fb3306,101d55e21d877a7394f3238fac47562abedfae6198b9826aa1dccf4b45d083ce,HYPOTENSION;UNRESPONSIVE,0,1,Emergency,Skilled Nursing Facility,EMERGENCY,2199-01,2199-01,0,MARRIED,HISPANIC/LATINO - PUERTO RICAN,CHRISTIAN,SPANISH,PUBLIC,251.0,1
40398,3f921105f8bd1a350cd164de25eb0aac19df315ca1e16ae394c61951d9fb3306,5adba001591a2676aaf28493678a5d028ba86f36ae7714c8ca652f4147b5e79a,SEPSIS,0,1,Emergency,Skilled Nursing Facility,EMERGENCY,2199-01,2199-02,0,MARRIED,HISPANIC/LATINO - PUERTO RICAN,CHRISTIAN,SPANISH,PUBLIC,509.0,1
40399,3f921105f8bd1a350cd164de25eb0aac19df315ca1e16ae394c61951d9fb3306,27235d61338b869932b825f5de4f8a7462f1917c063a45c249849d8c486334ee,PNEUMONIA,0,1,Emergency,Skilled Nursing Facility,EMERGENCY,2200-03,2200-03,0,MARRIED,HISPANIC/LATINO - PUERTO RICAN,CHRISTIAN,SPANISH,PUBLIC,220.0,1
40400,3f921105f8bd1a350cd164de25eb0aac19df315ca1e16ae394c61951d9fb3306,e6918ef412f0b39eed4205bef541e02caba67dacaaca145c1fbb918894e06ae4,PNEUMONIA,0,1,Emergency,Skilled Nursing Facility,EMERGENCY,2200-06,2200-06,0,MARRIED,HISPANIC/LATINO - PUERTO RICAN,CHRISTIAN,SPANISH,PUBLIC,86.0,1
40401,3f921105f8bd1a350cd164de25eb0aac19df315ca1e16ae394c61951d9fb3306,a3a5347ac5caaaec64355024d7fd710fa97df8b21797890c23dba045d02f45d4,FEVER,0,1,Clinic Referral,Skilled Nursing Facility,EMERGENCY,2200-10,2200-11,0,MARRIED,HISPANIC/LATINO - PUERTO RICAN,CHRISTIAN,SPANISH,PUBLIC,336.0,1
40402,3f921105f8bd1a350cd164de25eb0aac19df315ca1e16ae394c61951d9fb3306,d77ca2947de22c27583356b7d5366bfe71174bed1eddd89b42d990883564e055,SEPSIS,0,1,Clinic Referral,Intermediate Care Facility,EMERGENCY,2201-05,2201-05,0,MARRIED,HISPANIC/LATINO - PUERTO RICAN,CHRISTIAN,SPANISH,PUBLIC,301.0,1
40403,3f921105f8bd1a350cd164de25eb0aac19df315ca1e16ae394c61951d9fb3306,b695530a71ba72e6d55d50e5d159d5c3c9a1bd3854c5fba1641b03596effe9bb,URINARY TRACT INFECTION;PYELONEPHRITIS,0,1,Clinic Referral,Skilled Nursing Facility,EMERGENCY,2201-08,2201-08,0,MARRIED,HISPANIC/LATINO - PUERTO RICAN,CHRISTIAN,SPANISH,PUBLIC,462.0,1
40404,3f921105f8bd1a350cd164de25eb0aac19df315ca1e16ae394c61951d9fb3306,fcb8bc1a696403c133854ebff6a6c1716af079ecfd31d55d27208ad4394a3c2c,SEPSIS,0,1,Clinic Referral,Long Term Hospital,EMERGENCY,2201-09,2201-10,0,MARRIED,HISPANIC/LATINO - PUERTO RICAN,CHRISTIAN,SPANISH,PUBLIC,247.0,1
40405,3f921105f8bd1a350cd164de25eb0aac19df315ca1e16ae394c61951d9fb3306,5612b8933257f9001ae128e44beb88d46bc94d806719e891442b73d158e0501e,SEPSIS; UTI,0,1,Clinic Referral,Skilled Nursing Facility,EMERGENCY,2201-11,2201-11,0,MARRIED,HISPANIC/LATINO - PUERTO RICAN,CHRISTIAN,SPANISH,PUBLIC,283.0,1
40406,3f921105f8bd1a350cd164de25eb0aac19df315ca1e16ae394c61951d9fb3306,09d56abbd123b8721735ccf9dc7163990a0024c198c82673978eefa88efa6efb,PNEUMONIA,0,1,Clinic Referral,Skilled Nursing Facility,EMERGENCY,2201-12,2202-01,0,MARRIED,HISPANIC/LATINO - PUERTO RICAN,CHRISTIAN,SPANISH,PUBLIC,324.0,1
40407,3f921105f8bd1a350cd164de25eb0aac19df315ca1e16ae394c61951d9fb3306,f756207c826443ff0c443295ac642cc09e875a2c4c6d251609eca43dee142d70,UTI/PYELONEPHRITIS,0,1,Clinic Referral,Skilled Nursing Facility,EMERGENCY,2202-02,2202-02,0,MARRIED,HISPANIC/LATINO - PUERTO RICAN,CHRISTIAN,SPANISH,PUBLIC,265.0,1
40408,3f921105f8bd1a350cd164de25eb0aac19df315ca1e16ae394c61951d9fb3306,3bc7b15b1ac274097da2f40b2e8eb21d44fca57af48ba32f8950f090851ae3b8,RESPIRATORY DISTRESS,0,1,Skilled Nursing Facility,Skilled Nursing Facility,EMERGENCY,2202-05,2202-05,0,MARRIED,HISPANIC/LATINO - PUERTO RICAN,CHRISTIAN,SPANISH,PUBLIC,238.0,1
40409,3f921105f8bd1a350cd164de25eb0aac19df315ca1e16ae394c61951d9fb3306,9798a07306ce482c09ba6284718e34902d2b852f20fb42af122712d16a0ef486,SEPSIS,0,1,Clinic Referral,Intermediate Care Facility,EMERGENCY,2202-09,2202-09,0,MARRIED,HISPANIC/LATINO - PUERTO RICAN,CHRISTIAN,SPANISH,PUBLIC,311.0,1
40410,3f921105f8bd1a350cd164de25eb0aac19df315ca1e16ae394c61951d9fb3306,1620b08bb5c72b9d7f57bbea82a88ef636895a3675019a78a4f8b8fec4500de2,SEPSIS,0,1,Clinic Referral,Intermediate Care Facility,EMERGENCY,2202-10,2202-10,0,MARRIED,HISPANIC/LATINO - PUERTO RICAN,CHRISTIAN,SPANISH,PUBLIC,141.0,1
40413,e569bd103ecc26c9fd25f28b6a15a1750e5510241f4497592c36199f648b0e37,90186d30c67cbec43c24ddd9dd1ce4406922f014a773666a0010f6386fabf93d,S/P FALL,1,1,Emergency,Deceased,EMERGENCY,2151-09,2151-09,1,UNKNOWN,WHITE,UNOBTAINABLE,ENGLISH,PUBLIC,313.0,1
40422,eff6352748e6eff5e061188df0ed0e414b88b53ad129c296495279bc5cf9c5df,f80d37e366c377d017cac11d78883e71a33869978a14ef4433fec241b451185f,SHORTNESS OF BREATH,1,1,Emergency,Deceased,EMERGENCY,2131-07,2131-07,1,MARRIED,WHITE,ROMANIAN EAST. ORTH,ENGLISH,PUBLIC,203.0,1
40440,54d8074e3c4c814202f7a9107c9625c86b5b067b5c39cc7467b4de3d24aa462b,602161260c27036a6ff2c52d4a18b71e6cde9c03509eeee66b20508823e3bb47,TRACHEAL STENOSIS,1,1,Hospital Transfer,Deceased,EMERGENCY,2112-02,2112-02,1,NOT MARRIED,WHITE,CHRISTIAN,ENGLISH,PRIVATE,310.0,1
40448,a9d150e3a6bd6decdd52354c054f8f2cc5aa165511edfb7ac3afc81ed59bbe4d,bed0926936fdf241fdfd59fc56bb2fdb0ad83a36daf6f4b696f4bcf5f40aeac7,INFERIOR MYOCARDIAL INFARCTION\CATH,1,1,Hospital Transfer,Deceased,EMERGENCY,2166-02,2166-02,1,NOT MARRIED,UNABLE TO OBTAIN,UNOBTAINABLE,ENGLISH,PUBLIC,310.0,1
40462,83d640ddee36fcf361c27d41b02662cd8f10f5589319d47d042360fe4470f184,b1474dc2ab67c9164435e058a8b10da995e541d6bc17a1afa12359ebe0570a4d,FAILURE TO THRIVE,0,1,Clinic Referral,Home,EMERGENCY,2127-07,2127-08,0,MARRIED,AMERICAN INDIAN/ALASKA NATIVE FEDERALLY RECOGNIZED TRIBE,MUSLIM,ENGLISH,PUBLIC,397.0,1
40463,83d640ddee36fcf361c27d41b02662cd8f10f5589319d47d042360fe4470f184,e53f6004086453e11ca9cbd1407b2f91816bf9f834ac104350d78bb7b2dc94df,HEPATIC ENCEP,1,1,Emergency,Deceased,EMERGENCY,2127-10,2127-10,1,MARRIED,AMERICAN INDIAN/ALASKA NATIVE FEDERALLY RECOGNIZED TRIBE,MUSLIM,ENGLISH,PUBLIC,187.0,1
40488,acd95a64d50694d21ee4466985d0b632230f7bf148c3bc79fa528cb5b4ce8d67,bd81263d5a744921dfa810041ddc853592fdbed1927d3030b06b00f15025e7d4,CHEST PAIN,0,1,Emergency,Skilled Nursing Facility,EMERGENCY,2117-03,2117-03,0,MARRIED,WHITE,CHRISTIAN,ENGLISH,PUBLIC,538.0,1
40496,2668cd17e05fb3c37b1d9f780be583e3ee73aac864acbd91616bf2e79f7361df,e594677377cdb6d62aed416b009510ccd4fc39da1c21017c45662c00581e531d,RENAL CANCER/SDA,0,1,Physician Referral,Home Care,ELECTIVE,2102-08,2102-09,0,MARRIED,WHITE,CHRISTIAN,ENGLISH,PUBLIC,310.0,1
40508,f8a51017d72b230679555e443deedfb39729d73a08aba48f1ef49d1b138f7251,f63976d216bbc83be7e7666acee070b1e69ac1d18067f9b0e12d2fd3bd3a6b1b,SHORTNESS OF BREATH,0,1,Emergency,Home,EMERGENCY,2135-10,2135-10,0,MARRIED,WHITE,CHRISTIAN,ENGLISH,PUBLIC,347.0,1
40509,e27533e281f117ba6fe46478082f8da92896d78ea164800e1eea1bd0a5600291,e941810e8a3b5455bfe35ca505d7a5abf9216a804b963be606f3e6f1532ed323,UPPER GI BLEED,1,1,Emergency,Deceased,EMERGENCY,2119-10,2119-11,1,NOT MARRIED,HISPANIC OR LATINO,UNKNOWN,ENGLISH,PUBLIC,274.0,1
40512,71c46dfb56e417d9142d5354f5a78346787f2e73f2832eb9e73e544f3258e6ae,bcc4d8263fd3176924a09d740ccf087d2f9408229ed48d76fb5655b124bfa778,PNEUMONIA/HYPOGLCEMIA/SYNCOPE,0,1,Emergency,Home,EMERGENCY,2162-01,2162-01,0,NOT MARRIED,WHITE,CHRISTIAN,ENGLISH,PRIVATE,284.0,1
40514,c0863c8221869b535ba3243dbe8d74522e5fc0361b6b405aa8974c2c443af217,0762be110fb8d22a1ea399e8104b76dc218440cd96445fb9ce79ca840e3728d1,ASTHMA/COPD FLARE,0,1,Emergency,Skilled Nursing Facility,EMERGENCY,2160-05,2160-05,0,NOT MARRIED,WHITE,UNKNOWN,ENGLISH,PUBLIC,283.0,1
40519,77948e2ad3a8f59c51838230ce4c1655acee415a76444d2d0dc5c0fd7c56da4f,c6a9ab19fc8bc09f0112811502d1fc4741fc73db2e008d0a94fa0f52188e3534,FAILURE TO THRIVE,0,1,Hospital Transfer,Skilled Nursing Facility,EMERGENCY,2121-12,2121-12,0,NOT MARRIED,OTHER,OTHER,ENGLISH,PUBLIC,397.0,1
40527,0658169a540e5ffbaaec4a481c310aeaa5171a9849a889d63e1f1061992f910d,ce00aed40f048ef59cb470a3dd0d669a719e90e5ea33079378f9ec059eb0f803,PNEUMONIA,0,1,Emergency,Skilled Nursing Facility,EMERGENCY,2160-12,2160-12,0,NOT MARRIED,WHITE,UNKNOWN,ENGLISH,PUBLIC,208.0,1
40528,0658169a540e5ffbaaec4a481c310aeaa5171a9849a889d63e1f1061992f910d,864c6a7a127a7812c8d378324aac9034a63ac777d0e2738801729f31d7b516b1,VOLVULUS,1,1,Emergency,Deceased,EMERGENCY,2160-12,2160-12,1,NOT MARRIED,WHITE,UNKNOWN,ENGLISH,PUBLIC,218.0,1
40536,e6b48bad30107a15291ec74c1ac80860aeb57973391dd4773d171f23124ce5a7,bcefb7db8c0d03ef36e68d0dc9a9b31b1fd045cf726afc2f756dc74e6e7545ab,SEIZURE;STATUS EPILEPTICUS,1,1,Emergency,Deceased,EMERGENCY,2147-10,2147-11,1,MARRIED,WHITE,JEWISH,ENGLISH,PUBLIC,415.0,1
40552,106d7509c6f38a53021fcf6e5eedf1fb2579843d57a50935183b3dc6d15989fa,6ca79e96a7c4d6eb348694089bf42c5a6a070f3ad83f38f51b6ac007d751e0a9,HYPOGLYCEMIA,0,1,Emergency,Skilled Nursing Facility,EMERGENCY,2165-12,2165-12,0,MARRIED,WHITE,JEWISH,RUSS,PUBLIC,205.0,1
40554,b231a9cc98a83681ec758bbd53045071e18a5b5b7e47a2d5ee7a9fbeb8b8e914,94218792de85d0209119dd4b592d2373a53c5e758401f594fbdf378fc7c36926,CEREBROVASCULAR ACCIDENT,1,1,Emergency,Deceased,EMERGENCY,2142-11,2142-11,1,UNKNOWN,WHITE,CHRISTIAN SCIENTIST,ENGLISH,PUBLIC,250.0,1
40565,fd3c7c0da9ac54ae95aa51cf6e99bef4ba95bdf0d60c70f3a123765cca1095f0,db6a4ebea0340a8812c7c792bdf80153a0aef856d18d7cf094b9de26368e00cd,PNEUMONIA,0,1,Emergency,Home,EMERGENCY,2146-07,2146-07,0,MARRIED,WHITE,JEWISH,ENGLISH,PUBLIC,286.0,1
40952,fa37e358efd49c6deb56d30cae4f972852b1ceaa7b65abe2a0d7633b4ec8b895,f1b04b7b1fdf298c66f41f5aa3638f98ced023f64b68de4f4113c4140115f5ca,HYPOTENSION,1,1,Emergency,Deceased,EMERGENCY,2128-11,2128-11,1,MARRIED,WHITE,CHRISTIAN,ENGLISH,PUBLIC,291.0,1
40958,a4cf3b3f4f393ccdf943ade341975a19942b713b91b44eacbe89b9a7dfae0882,55d3ea4ee9d9e4b536fa174ea87cb01d63c3e10fba62b52fe04a089b09ee8876,METASTIC MELANOMA;ANEMIA,1,1,Physician Referral,Deceased,EMERGENCY,2110-12,2111-01,1,NOT MARRIED,WHITE,JEWISH,RUSS,PUBLIC,310.0,1
40959,6544ec1c04a6df6cbc017aba86d389d96b6335ca409d8b97d524bed907fd057b,e694d9a152b66c0fdff41ac96362dff982e93a5ebf370e49213c928d5f0e374a,"HYPOTENSION, RENAL FAILURE",0,1,Emergency,Home Care,EMERGENCY,2179-04,2179-04,0,MARRIED,WHITE,JEWISH,ENGLISH,PUBLIC,303.0,1
40966,13bc76c399521fff9125717b50c99885fdd266f15466cd76e594ff81e4979ce9,4e9b4514c3c76154e52006594081d582fea387140d61be00d766517e3cdc66bd,ACUTE SUBDURAL HEMATOMA,0,1,Emergency,Home Care,EMERGENCY,2173-11,2173-11,0,MARRIED,WHITE,CHRISTIAN,ENGLISH,PUBLIC,265.0,1
40972,2997bf4d34d86b99d4a617525d749724341138629d4feb682057c76b75d738d3,9fe2bb41e1105585e305fcc068395a18766147340351cf72157dfa5c66129f68,ESOPHAGEAL CA/SDA,0,1,Physician Referral,Home Care,ELECTIVE,2198-06,2198-08,0,MARRIED,WHITE,CHRISTIAN,ENGLISH,PRIVATE,310.0,1
40981,114009f7169c052ff3951bafc5b95a36b5e8d988bde5281b852620f88acf0ae8,1190dcca585ef60a1fcc5395e753c7b124d30a39bb060025f171a0304a7f84e5,MI CHF,0,1,Hospital Transfer,Home Care,EMERGENCY,2176-07,2176-07,0,NOT MARRIED,UNKNOWN,CHRISTIAN,ENGLISH,PUBLIC,310.0,1
40987,688daddddfaccf8e391e058ff219e4489414c9d0eba7568dd7d56ea7a692e912,ea1cfc85802707ed8e962bac424119ba128853a8b9e9fab8afeedf88132f1b83,STROKE/TIA,1,1,Hospital Transfer,Deceased,EMERGENCY,2186-02,2186-02,1,MARRIED,WHITE,CHRISTIAN,ENGLISH,PUBLIC,309.0,1
40992,b746c5885bc3cd0b7bbd1c070f6ec33ed224b30a3e6d1ccaadfcc73c7252c36e,ee15b2cf269599d658b05bc19db9d81ca1725113b5bac01c619635c13ea3b301,PLEURAL EFFUSION,0,1,Clinic Referral,Home,EMERGENCY,2106-08,2106-08,0,MARRIED,BLACK,CHRISTIAN,ENGLISH,PUBLIC,310.0,1
40993,f981d1588655b182d9d8133e8d9f5252fe356a023abe8ecd5e298a64359d3561,4cf916320f5ae9e997cfc76f8b90edb9ce50dda39de789a9eabf71a85d5073d7,ACUTE PULMONARY EMBOLISM,0,1,Emergency,Home Care,EMERGENCY,2104-09,2104-09,0,MARRIED,WHITE,UNKNOWN,ENGLISH,PRIVATE,403.0,1
40994,f981d1588655b182d9d8133e8d9f5252fe356a023abe8ecd5e298a64359d3561,a9672bcb96fdee753439f7d45e4a990c98a100da9966cdd0556e86faf5348b9c,UPPER GI BLEED,0,1,Emergency,Home,EMERGENCY,2104-10,2104-11,0,MARRIED,WHITE,UNKNOWN,ENGLISH,PRIVATE,233.0,1
40998,76582371e74583be57449b670e3b9c7f12d4ff3ff5e49494384f2a63839c46cc,9c9337b6c3c71c7cf1df705085e5107559ed840cfa9ba489d9842e5cb57e6d81,PNEUMONIA;TELEMETRY,1,1,Emergency,Deceased,EMERGENCY,2152-10,2152-10,1,UNKNOWN,WHITE,UNOBTAINABLE,RUSS,PUBLIC,174.0,1
41005,1defa108e918ad691e0555d9d1fb862a08da0fe648d335afb2f14f16d1b1a727,06bc640c8b5c071d769d33fff333d003e12766d168806042f0c7d85a146132a9,CORONARY ARTERY DISEASE\CORONARY ARTERY BYPASS GRAFT /SDA,0,1,Physician Referral,Skilled Nursing Facility,ELECTIVE,2175-10,2175-10,0,NOT MARRIED,WHITE,CHRISTIAN,ENGLISH,PUBLIC,310.0,1
41053,8d598a5d88bccd2761af2b664db50457ef5d03b2c41dc5ca939d22609eeafb41,0eb18f588c4d14dbcca74506c12ae4c005bbaeadbf3de64ce13d66cf2199c34e,ESOPHAGEAL CA/SDA,0,1,Physician Referral,Home Care,ELECTIVE,2112-05,2112-05,0,NOT MARRIED,WHITE,CHRISTIAN,ENGLISH,PRIVATE,310.0,1
41054,8d598a5d88bccd2761af2b664db50457ef5d03b2c41dc5ca939d22609eeafb41,db5d11aeae0b77f47ab19e544fc7a34779d921429f6ce033df65f7bc292756b2,SHORTNESS OF BREATH,0,1,Emergency,Home Care,EMERGENCY,2112-05,2112-05,0,NOT MARRIED,WHITE,CHRISTIAN,ENGLISH,PRIVATE,459.0,1
41055,8d598a5d88bccd2761af2b664db50457ef5d03b2c41dc5ca939d22609eeafb41,de34cc4102d6ece0e334c3cb82fccdb19a1002c961d626788d39d79fb6b16b20,PERICARDIAL EFFUSION,0,1,Emergency,Home,EMERGENCY,2112-05,2112-06,0,NOT MARRIED,WHITE,CHRISTIAN,ENGLISH,PRIVATE,254.0,1
41070,8a266fb8cc813c946eaf7a1c9ed2f79cab815e40b694548e621677225b05668b,024917bbb340391f37e27110f9cd3e89ac77dba4ea8a095243ebcc5b75506bb7,ALTERED MENTAL STATUS,1,1,Emergency,Deceased,EMERGENCY,2178-05,2178-05,1,MARRIED,WHITE,CHRISTIAN,ENGLISH,PUBLIC,271.0,1
41087,c77cde385a4666662e1369d83689d50ddbba1c4a44581901acb505d807fab09c,230a5dd6010fd79d0960df5a1f9a5eb886e906f038a56804ce43279db2c3ef84,ACUTE RESPIRATORY DISTRESS SYNDROME;ACUTE RENAL FAILURE,0,1,Hospital Transfer,Rehabilitation,EMERGENCY,2123-11,2123-12,0,NOT MARRIED,BLACK,UNOBTAINABLE,ENGLISH,PUBLIC,310.0,1
41090,7c8354c1a828e780263d90074997f4e6967ca138eeac41bae7bb58510aa10674,a97f6db7f73fd111e3c89ac788894b419050b725a7a7a49b9804a6be0e58594f,BRADYCARDIA,0,1,Emergency,Home,EMERGENCY,2180-07,2180-07,0,NOT MARRIED,WHITE,CHRISTIAN,ENGLISH,PUBLIC,213.0,1
41092,be211bbe04de797db13be241ec83bb9e82be017fb62d33cec12939212ca6b430,9c9bb94f3b51d4ac096373fb2147a02fdb9805fafd13a53dff5be4275a33047e,CHOLANGITIS,0,1,Emergency,Home Care,EMERGENCY,2170-12,2170-12,0,NOT MARRIED,WHITE,UNKNOWN,ENGLISH,PRIVATE,183.0,1
